{"cameraMode":{"drawMode":0,"name":"Shaded","section":"Shading Mode"},"sceneLighting":false,"audioPlay":false,"sceneViewState":{"showFog":true,"showMaterialUpdate":false,"showSkybox":false,"showFlares":true,"showImageEffects":true,"showParticleSystems":true},"in2DMode":false,"pivot":{"x":0.0,"y":0.3344467282295227,"z":-0.0394742488861084},"rotation":{"x":0.11848269402980805,"y":0.028290744870901109,"z":-0.0033768624998629095,"w":0.9925500154495239},"size":2.5407493114471437,"orthographic":false}